{
  "type": "footer",
  "name": "Footer group",
  "sections": {
    "text-with-icons": {
      "type": "text-with-icons",
      "blocks": {
        "icon-1": {
          "type": "item",
          "settings": {
            "icon": "picto-award-gift",
            "icon_width": 24,
            "mobile_icon_width": 24,
            "title": "Free delivery worldwide",
            "content": "<p>Short content about your store<\/p>"
          }
        },
        "icon-2": {
          "type": "item",
          "settings": {
            "icon": "picto-award-gift",
            "icon_width": 24,
            "mobile_icon_width": 24,
            "title": "Satisfied or refunded",
            "content": "<p>Short content about your store<\/p>"
          }
        },
        "icon-3": {
          "type": "item",
          "settings": {
            "icon": "picto-award-gift",
            "icon_width": 24,
            "mobile_icon_width": 24,
            "title": "Top-notch support",
            "content": "<p>Short content about your store<\/p>"
          }
        },
        "icon-4": {
          "type": "item",
          "settings": {
            "icon": "picto-award-gift",
            "icon_width": 24,
            "mobile_icon_width": 24,
            "title": "Secure payments",
            "content": "<p>Short content about your store<\/p>"
          }
        }
      },
      "block_order": [
        "icon-1",
        "icon-2",
        "icon-3",
        "icon-4"
      ],
      "disabled": true,
      "settings": {
        "separate_section_with_border": true,
        "stack_on_mobile": false,
        "icon_color": "",
        "text_color": "",
        "text_alignment": "center"
      }
    },
    "footer": {
      "type": "footer",
      "blocks": {
        "links": {
          "type": "links",
          "settings": {
            "menu": "support-info",
            "show_menu_title": true
          }
        },
        "2c04da3d-5d26-4b16-ad5c-9f08fec94157": {
          "type": "links",
          "settings": {
            "menu": "policies",
            "show_menu_title": true
          }
        },
        "newsletter": {
          "type": "newsletter",
          "settings": {
            "title": "Newsletter",
            "content": "<p>Sign up to our newsletter to receive exclusive offers.<\/p>",
            "button_background": "",
            "button_text_color": ""
          }
        },
        "text": {
          "type": "text",
          "disabled": true,
          "settings": {
            "title": "About",
            "content": "<p>Use this text area to tell your customers about your brand and vision. You can change it in the theme editor.<\/p>",
            "enable_follow_on_shop": true
          }
        }
      },
      "block_order": [
        "links",
        "2c04da3d-5d26-4b16-ad5c-9f08fec94157",
        "newsletter",
        "text"
      ],
      "settings": {
        "separate_section_with_border": false,
        "show_social_media": true,
        "show_payment_icons": true,
        "show_country_selector": false,
        "show_country_name": false,
        "show_country_flag": false,
        "show_locale_selector": false
      }
    }
  },
  "order": [
    "text-with-icons",
    "footer"
  ]
}