{
  "sections": {
    "collection-banner": {
      "type": "collection-banner",
      "disabled": true,
      "settings": {
        "image_size": "auto",
        "allow_transparent_header": true,
        "reveal": true,
        "enable_parallax": true,
        "show_collection_title": true,
        "show_collection_description": true,
        "show_breadcrumb": true,
        "content_width": "xs",
        "background": "#000000",
        "text_color": "#ffffff",
        "overlay_color": "#000000",
        "overlay_opacity": 30
      }
    },
    "main": {
      "type": "main-collection",
      "settings": {
        "hide_product_information": false,
        "products_per_page": 48,
        "products_per_row_mobile": "2",
        "products_size_desktop": "medium",
        "show_grid_mode_selector": true,
        "horizontal_spacing_factor": 0.3,
        "vertical_spacing_factor": 0.3,
        "filter_layout": "drawer",
        "quick_links_menu": "",
        "show_sort_by": true,
        "show_filters": true,
        "show_results_count": true,
        "show_filter_group_name": false,
        "show_empty_filter_values": false,
        "show_filter_values_count": true,
        "show_color_swatch": false,
        "open_filters_by_default": false
      }
    }
  },
  "order": [
    "collection-banner",
    "main"
  ]
}