{
  "sections": {
    "main": {
      "type": "main-page",
      "disabled": true,
      "settings": {
        "show_title": true,
        "page_width": "xs"
      }
    },
    "78b74bd3-f6e1-4c31-90d3-076d088522b5": {
      "type": "lookbook-collection",
      "blocks": {
        "fc1c118f-a082-43ff-b574-676f7985d184": {
          "type": "Collection-Repeter",
          "settings": {
            "collection_image": "shopify:\/\/shop_images\/1_3138836e-3a9b-4a71-b2d5-bfc72904cd6f.jpg",
            "collection_text": "Fall \/ Winter 2023",
            "collection_link": "shopify:\/\/collections\/fall-winter-2023"
          }
        },
        "c9e7e634-2894-4227-b477-2d2e2073ea52": {
          "type": "Collection-Repeter",
          "settings": {
            "collection_image": "shopify:\/\/shop_images\/2_2f627763-7d68-4e4a-a77c-f8458c994e29.jpg",
            "collection_text": "Summer Collection",
            "collection_link": "shopify:\/\/collections\/summer-drop-23"
          }
        },
        "9b51b1ed-a6a2-4527-9c4e-cbd71ba2ed14": {
          "type": "Collection-Repeter",
          "settings": {
            "collection_image": "shopify:\/\/shop_images\/3_1d41fcfd-e16c-4bec-94e6-8aefbc38eceb.jpg",
            "collection_text": "Wellness Capsule",
            "collection_link": "shopify:\/\/collections\/wellness-collection"
          }
        },
        "3861ebfa-bde5-4afe-bce5-80f9a49bbfbb": {
          "type": "Collection-Repeter",
          "settings": {
            "collection_image": "shopify:\/\/shop_images\/4_534299f0-d14a-429d-981e-c3d341985c90.jpg",
            "collection_text": "College Capsule 2023",
            "collection_link": "shopify:\/\/collections\/college-capsule-2023"
          }
        },
        "6f05805a-41f1-4685-8305-b60f9bbd63db": {
          "type": "Collection-Repeter",
          "settings": {
            "collection_image": "shopify:\/\/shop_images\/5_5829b0b6-2dcf-45d6-b5df-1e13249faa40.jpg",
            "collection_text": "Winter '22",
            "collection_link": "shopify:\/\/collections\/winter-22"
          }
        },
        "808d8828-7156-4be7-b3e2-894e3e9f203c": {
          "type": "Collection-Repeter",
          "settings": {
            "collection_image": "shopify:\/\/shop_images\/6.jpg",
            "collection_text": "Summer Drop '22",
            "collection_link": "shopify:\/\/collections\/summer-drop-22"
          }
        },
        "edfe8e4f-9b16-43a7-a9df-1ecacaf14d37": {
          "type": "Collection-Repeter",
          "settings": {
            "collection_image": "shopify:\/\/shop_images\/7.jpg",
            "collection_text": "Drop 1",
            "collection_link": "shopify:\/\/collections\/drop-1"
          }
        }
      },
      "block_order": [
        "fc1c118f-a082-43ff-b574-676f7985d184",
        "c9e7e634-2894-4227-b477-2d2e2073ea52",
        "9b51b1ed-a6a2-4527-9c4e-cbd71ba2ed14",
        "3861ebfa-bde5-4afe-bce5-80f9a49bbfbb",
        "6f05805a-41f1-4685-8305-b60f9bbd63db",
        "808d8828-7156-4be7-b3e2-894e3e9f203c",
        "edfe8e4f-9b16-43a7-a9df-1ecacaf14d37"
      ],
      "settings": {
        "section_title": "Lookbook"
      }
    }
  },
  "order": [
    "main",
    "78b74bd3-f6e1-4c31-90d3-076d088522b5"
  ]
}