{
  "sections": {
    "main": {
      "type": "main-product",
      "blocks": {
        "vendor": {
          "type": "vendor",
          "settings": {}
        },
        "title": {
          "type": "title",
          "settings": {}
        },
        "price": {
          "type": "price",
          "settings": {}
        },
        "payment_terms": {
          "type": "payment_terms",
          "settings": {}
        },
        "separator": {
          "type": "separator",
          "settings": {}
        },
        "description": {
          "type": "description",
          "settings": {}
        },
        "variant_picker": {
          "type": "variant_picker",
          "settings": {}
        },
        "quantity_selector": {
          "type": "quantity_selector",
          "settings": {}
        },
        "buy_buttons": {
          "type": "buy_buttons",
          "settings": {}
        },
        "pickup_availability": {
          "type": "pickup_availability",
          "settings": {}
        },
        "complementary_products": {
          "type": "complementary_products",
          "settings": {}
        }
      },
      "block_order": [
        "vendor",
        "title",
        "price",
        "payment_terms",
        "separator",
        "description",
        "variant_picker",
        "quantity_selector",
        "buy_buttons",
        "complementary_products"
      ],
      "settings": {}
    },
    "related-products": {
      "type": "related-products",
      "settings": {}
    }
  },
  "order": [
    "main",
    "related-products"
  ]
}